---,QuestionId,Topic,Concept,Difficulty,Question,ChoiceA,ChoiceB,ChoiceC,ChoiceD,CorrectChoiceIndex,Explanation,LearningPoint,Hint,MinKnowledge,bRequireExposure,Points
Q_FEE_01,Q_FEE_01,FeesAndBreakEven,TransactionFee,Basic,คุณส่งคำสั่งซื้อหุ้นราคา 120 บาท แต่ต้นทุนจริงสูงกว่า 120 บาทเล็กน้อย สาเหตุที่เป็นไปได้ที่สุดคืออะไร?,ราคาหุ้นถูกปัดขึ้นอัตโนมัติ,มีค่าธรรมเนียมการซื้อขาย,Knowledge ถูกหัก,จำนวนหุ้นเพิ่มเอง,1,ค่าธรรมเนียมเป็นต้นทุนเพิ่มเติมของการซื้อขาย จึงทำให้เงินที่จ่ายจริงสูงกว่ามูลค่าหุ้นล้วนๆ,เวลาประเมินผลตอบแทนควรรวมค่าธรรมเนียมด้วย,นึกถึงค่าใช้จ่ายที่เกิดเพิ่มจากมูลค่าหุ้นตอนซื้อหรือขาย,0,True,1
Q_FEE_02,Q_FEE_02,FeesAndBreakEven,TransactionFee,Intermediate,ถ้าซื้อแล้วขายหุ้นที่ราคาเท่าเดิมทุกอย่าง คุณมีโอกาสขาดทุนได้เพราะอะไร?,เพราะค่าธรรมเนียมทั้งตอนซื้อและ/หรือตอนขาย,เพราะ Average Cost จะเป็นศูนย์,เพราะหุ้นหายหนึ่งหน่วย,เพราะข่าวจะลดราคาเสมอ,0,แม้ราคาหุ้นไม่เปลี่ยน ค่าธรรมเนียมก็ทำให้เงินสุทธิหลังซื้อขายลดลงได้,กำไรจริงต้องคิดหลังต้นทุนธุรกรรม,นึกถึงค่าใช้จ่ายที่เกิดเพิ่มจากมูลค่าหุ้นตอนซื้อหรือขาย,0,True,1
Q_PENDING_01,Q_PENDING_01,InvestingBasics,PendingExecution,Basic,ทำไมราคาตอนส่งคำสั่ง (Submitted Price) อาจไม่เท่ากับราคาที่ดำเนินการจริง (Executed Price)?,เพราะเกมสุ่มค่าธรรมเนียม,เพราะคำสั่งรอหนึ่งเทิร์นและราคาสามารถเปลี่ยนก่อน Execute,เพราะจำนวนหุ้นเปลี่ยนเอง,เพราะ Happiness ต่ำ,1,คำสั่งที่รอดำเนินการไม่ได้รับประกันว่าจะได้ราคาตอนกดส่ง หากราคาตลาดเปลี่ยนระหว่างรอ ราคาที่ Execute ก็เปลี่ยนได้,ราคาที่เห็นตอนส่งคำสั่งไม่ใช่ราคาที่รับประกันเสมอ,นึกถึงสิ่งที่เกิดขึ้นระหว่างเวลาส่งคำสั่งกับเวลาที่คำสั่งถูกดำเนินการ,0,True,1
Q_PENDING_02,Q_PENDING_02,NewsAndRisk,PendingExecution,Intermediate,คุณส่ง Buy ตอน TECH = 120 แล้วก่อน Execute มีข่าวทำให้ TECH = 132 คำสั่งจะอ้างอิงราคาใดเมื่อดำเนินการ?,120 เสมอ,ราคาเฉลี่ย 126,132 ซึ่งเป็นราคาตอน Execute,0 เพราะคำสั่งหมดอายุ,2,ระบบ Pending ใช้ราคาปัจจุบันตอน Execute ไม่ใช่ตรึงราคาตอนส่ง,การรอคำสั่งมีความเสี่ยงจากการเปลี่ยนแปลงราคา,นึกถึงสิ่งที่เกิดขึ้นระหว่างเวลาส่งคำสั่งกับเวลาที่คำสั่งถูกดำเนินการ,0,True,1
Q_AVG_01,Q_AVG_01,InvestingBasics,AverageCost,Basic,Average Cost ในพอร์ตใช้บอกอะไร?,ราคาข่าวล่าสุด,ต้นทุนเฉลี่ยต่อหุ้นที่ถืออยู่,จำนวนเทิร์นที่ถือหุ้น,กำไรที่รับรู้แล้วเท่านั้น,1,Average Cost คือฐานต้นทุนเฉลี่ยต่อหุ้นของสถานะที่ยังถืออยู่,ใช้ Average Cost เป็นฐานเปรียบเทียบกับราคาปัจจุบัน,นึกถึงการรวมต้นทุนจากการซื้อหุ้นตัวเดิมหลายครั้ง,0,True,1
Q_AVG_02,Q_AVG_02,InvestingBasics,AverageCost,Intermediate,ถ้าคุณซื้อหุ้นตัวเดิมหลายครั้งที่ราคาต่างกัน ตัวเลขใดช่วยสรุปต้นทุนของสถานะรวมได้ดีที่สุด?,Current Price,Average Cost,Happiness,News Count,1,การซื้อหลายรอบทำให้ต้นทุนแต่ละล็อตต่างกัน Average Cost ช่วยรวมเป็นต้นทุนเฉลี่ยต่อหุ้น,ต้นทุนเฉลี่ยช่วยให้ประเมินสถานะที่ซื้อหลายราคาได้ง่ายขึ้น,นึกถึงการรวมต้นทุนจากการซื้อหุ้นตัวเดิมหลายครั้ง,0,True,1
Q_UPL_01,Q_UPL_01,ProfitAndLoss,UnrealizedProfitLoss,Basic,Unrealized P/L หมายถึงอะไร?,กำไรหรือขาดทุนของหุ้นที่ยังถือและยังไม่ได้ขาย,เงินเดือนที่ยังไม่ได้รับ,ค่าธรรมเนียมที่จ่ายแล้ว,กำไรจากหุ้นที่ขายไปแล้ว,0,Unrealized P/L เป็นกำไรหรือขาดทุนบนกระดาษของสถานะที่ยังเปิดอยู่,ตราบใดที่ยังไม่ขาย ผลกำไร/ขาดทุนยังไม่ถูกล็อกเป็นเงินจริง,ลองถามตัวเองว่าเงินกำไรนั้นถูกขายออกมาเป็นเงินสดแล้วหรือยัง,0,True,1
Q_UPL_02,Q_UPL_02,ProfitAndLoss,UnrealizedProfitLoss,Intermediate,พอร์ตแสดง Unrealized P/L +500 บาท ข้อใดถูกต้องที่สุด?,คุณได้รับเงินสดเพิ่ม 500 บาทแล้ว,คุณจะได้ 500 บาทแน่นอนเมื่อขาย,มูลค่าสถานะสูงกว่าต้นทุนประมาณ 500 บาท แต่ยังไม่ได้ขาย,ค่าธรรมเนียมถูกคืน 500 บาท,2,Unrealized P/L สะท้อนความต่างของมูลค่าปัจจุบันกับต้นทุน แต่ยังไม่ใช่เงินสดที่รับรู้แล้ว,อย่าสับสนกำไรที่ยังไม่ขายกับเงินสดจริง,ลองถามตัวเองว่าเงินกำไรนั้นถูกขายออกมาเป็นเงินสดแล้วหรือยัง,0,True,1
Q_RPL_01,Q_RPL_01,ProfitAndLoss,RealizedProfitLoss,Basic,เมื่อใดกำไร/ขาดทุนจากหุ้นจึงกลายเป็น Realized P/L?,ตอนเปิดหน้าพอร์ต,ตอนมีข่าว,ตอนขายหุ้นและปิดส่วนของสถานะ,ตอนซื้อหุ้นเพิ่ม,2,Realized P/L เกิดเมื่อมีการขายและกำไร/ขาดทุนของหุ้นส่วนนั้นถูกทำให้เกิดขึ้นจริง,Realized = ผลที่เกิดขึ้นจริงจากการขาย,จุดสำคัญคือเหตุการณ์ที่ทำให้กำไรหรือขาดทุนเกิดขึ้นจริง,0,True,1
Q_RPL_02,Q_RPL_02,ProfitAndLoss,RealizedProfitLoss,Intermediate,คุณถือหุ้นที่กำไรอยู่ แต่ยังไม่ขาย ข้อใดอธิบายได้ถูกต้อง?,กำไรนั้นเป็น Realized แล้ว,กำไรนั้นยังเป็น Unrealized และอาจเปลี่ยนได้,กำไรนั้นถูกเพิ่มเข้า Money ทันที,กำไรนั้นไม่มีความหมาย,1,ตราบใดที่ยังไม่ขาย กำไรยังเปลี่ยนตามราคาตลาดได้,การตัดสินใจขายเป็นจุดที่ Unrealized เปลี่ยนเป็น Realized,จุดสำคัญคือเหตุการณ์ที่ทำให้กำไรหรือขาดทุนเกิดขึ้นจริง,0,True,1
Q_BE_01,Q_BE_01,FeesAndBreakEven,BreakEven,Basic,Break-even Price มีประโยชน์อย่างไร?,บอกว่าราคาต้องถึงประมาณเท่าไรจึงครอบคลุมต้นทุนรวม,บอกว่าหุ้นจะขึ้นเมื่อไร,บอกจำนวนข่าวที่จะเกิด,บอก Happiness ขั้นต่ำ,0,Break-even ช่วยมองราคาที่ต้องได้เพื่อให้รายรับจากการขายครอบคลุมต้นทุนและค่าธรรมเนียมตามโมเดลเกม,จุดคุ้มทุนไม่จำเป็นต้องเท่ากับราคาที่ซื้อเพราะมีต้นทุนธุรกรรม,นึกถึงราคาที่ทำให้รายรับครอบคลุมต้นทุนทั้งหมด,0,True,1
Q_LIQ_01,Q_LIQ_01,Liquidity,Liquidity,Basic,ทำไมไม่ควรนำเงินสดทั้งหมดไปซื้อหุ้น แม้คาดว่าหุ้นจะขึ้น?,เพราะเกมห้ามถือหุ้นเยอะ,เพราะอาจไม่มีเงินสดพอสำหรับค่าครองชีพหรือเหตุการณ์จำเป็น,เพราะหุ้นทุกตัวจะตกทันที,เพราะ Knowledge จะลด,1,เงินลงทุนกับเงินสดพร้อมใช้ทำหน้าที่ต่างกัน หากเงินถูกผูกในสินทรัพย์มากเกินไปอาจไม่มีสภาพคล่องสำหรับค่าใช้จ่าย,ผลตอบแทนสำคัญ แต่สภาพคล่องก็สำคัญต่อการอยู่รอด,แยกคำว่า 'มูลค่าทรัพย์สิน' ออกจาก 'เงินสดพร้อมใช้',0,True,1
Q_LIQ_02,Q_LIQ_02,Liquidity,Liquidity,Intermediate,คุณมีมูลค่าหุ้นมาก แต่เงินสดไม่พอจ่ายค่าครองชีพ สถานการณ์นี้สะท้อนปัญหาใด?,สภาพคล่อง,Average Cost,MFA,ค่าธรรมเนียมเป็นศูนย์,0,การมีทรัพย์สินไม่ได้หมายความว่ามีเงินสดพร้อมจ่ายทันที นี่คือปัญหาสภาพคล่อง,แยกมูลค่าทรัพย์สินออกจากเงินสดที่พร้อมใช้,แยกคำว่า 'มูลค่าทรัพย์สิน' ออกจาก 'เงินสดพร้อมใช้',0,True,1
Q_NEWS_01,Q_NEWS_01,NewsAndRisk,NewsImpact,Basic,ในเกม INVESTORY ข่าวมีบทบาทกับการลงทุนอย่างไร?,ข่าวเปลี่ยนราคาหุ้นที่เกี่ยวข้องและทำให้สถานการณ์ตัดสินใจเปลี่ยน,ข่าวเพิ่ม Happiness เท่านั้น,ข่าวทำให้คำสั่งทุกอันสำเร็จ,ข่าวไม่มีผลต่อราคา,0,News/Big News เป็นตัวกระตุ้นการเปลี่ยนราคาหุ้นในระบบปัจจุบัน,ข้อมูลใหม่สามารถเปลี่ยนราคาหรือความเสี่ยงของการตัดสินใจ,ในเกม ราคาหุ้นเปลี่ยนเมื่อมีข้อมูลข่าวเข้ามา,0,True,1
Q_NEWS_02,Q_NEWS_02,NewsAndRisk,NewsImpact,Intermediate,หลังเห็นข่าวที่ทำให้ราคาหุ้นเปลี่ยน สิ่งใดเหมาะสมกว่าการกดซื้อทันทีโดยไม่ดูอะไร?,ตรวจพอร์ต เงินสด ต้นทุน และผลของข่าวก่อนตัดสินใจ,ซื้อให้หมดเพราะข่าวเกิดแล้ว,ขายทุกหุ้นเสมอ,ข้ามทุกครั้งเพราะข่าวเชื่อไม่ได้,0,ข่าวเป็นข้อมูลหนึ่งชิ้น การตัดสินใจควรดูสถานะพอร์ตและทรัพยากรร่วมด้วย,ข่าวช่วยตัดสินใจ แต่ไม่ควรใช้แยกจากบริบทของพอร์ต,ในเกม ราคาหุ้นเปลี่ยนเมื่อมีข้อมูลข่าวเข้ามา,0,True,1
Q_BUD_01,Q_BUD_01,Budgeting,Budgeting,Basic,ค่าครองชีพที่เกิดซ้ำในเกมสอนหลักการใดมากที่สุด?,ควรเหลือเงินสำหรับค่าใช้จ่ายจำเป็นที่คาดการณ์ได้,ควรซื้อหุ้นทุกเทิร์น,ควรใช้เงินให้หมดก่อนรอบถัดไป,ควรหลีกเลี่ยง Event ทุกชนิด,0,ค่าใช้จ่ายประจำทำให้การวางแผนเงินล่วงหน้ามีความสำคัญ,ก่อนใช้เงินกับทางเลือกอื่น ควรคำนึงถึงภาระที่รู้ว่าจะเกิด,คิดถึงค่าใช้จ่ายที่รู้ว่าจะเกิดซ้ำในอนาคต,0,True,1
Q_OPP_01,Q_OPP_01,Budgeting,OpportunityCost,Basic,ตอน Burnout การเลือกพักโดยเสียเงินแต่ได้ Happiness สะท้อนแนวคิดใด?,Opportunity Cost / การแลกทรัพยากรเพื่ออีกประโยชน์หนึ่ง,เงินฟรี,กำไรที่ยังไม่รับรู้,Slippage,0,การเลือกหนึ่งทางมีสิ่งที่ได้และสิ่งที่ต้องแลก เช่น เงินกับความสุขและโอกาสเดิน,การตัดสินใจไม่มีตัวเลือกที่ได้ทุกอย่างพร้อมกันเสมอ,ทุกทางเลือกมีสิ่งที่ได้และสิ่งที่ต้องยอมเสีย,0,True,1
Q_SCAM_URG_01,Q_SCAM_URG_01,ScamAwareness,ScamUrgency,Basic,ข้อความที่เร่งให้กดลิงก์หรือโอนเงินภายในเวลาไม่กี่นาทีควรทำให้ระวังอะไร?,แรงกดดันให้ตัดสินใจก่อนตรวจสอบข้อมูล,ค่าธรรมเนียมหุ้น,Average Cost,ราคาคุ้มทุน,0,มิจฉาชีพมักสร้างความเร่งด่วนเพื่อให้เหยื่อไม่มีเวลาตรวจสอบแหล่งที่มา,เมื่อถูกเร่ง ให้หยุดและตรวจสอบผ่านช่องทางทางการก่อน,มิจฉาชีพมักไม่อยากให้คุณมีเวลาตรวจสอบ,0,True,1
Q_SCAM_AUTH_01,Q_SCAM_AUTH_01,ScamAwareness,ScamFakeAuthority,Basic,มีบัญชี Social Media อ้างว่าเป็นตำรวจและขอข้อมูลส่วนตัว สิ่งที่เหมาะสมที่สุดคืออะไร?,ส่งข้อมูลทันทีเพราะเป็นเจ้าหน้าที่,ติดต่อหน่วยงานผ่านช่องทางทางการเพื่อยืนยันตัวตนก่อน,ถามคนแปลกหน้าว่าบัญชีนี้จริงไหม,โอนเงินเพื่อยืนยันตัว,1,ชื่อ รูปโปรไฟล์ หรือข้อความอ้างตำแหน่งไม่ได้ยืนยันว่าเป็นเจ้าหน้าที่จริง,ตรวจสอบตัวตนผ่านช่องทางทางการที่คุณค้นหาเอง,ชื่อ ตำแหน่ง หรือรูปโปรไฟล์ไม่ได้ยืนยันตัวตน,0,True,1
Q_SCAM_CRED_01,Q_SCAM_CRED_01,ScamAwareness,ScamCredentialPhishing,Basic,อีเมลบอกว่าบัญชีมหาวิทยาลัยจะถูกล็อกและให้ Login ผ่านลิงก์ สิ่งใดปลอดภัยกว่า?,กดลิงก์ในอีเมลทันที,เข้าเว็บไซต์/ระบบมหาวิทยาลัยด้วยตนเองและตรวจสอบประกาศ,ส่ง Password ให้เพื่อนช่วยเช็ก,ใช้ Password เดิมกับทุกเว็บ,1,Phishing มักใช้ลิงก์ที่เลียนแบบของจริง การเข้าเว็บไซต์ทางการด้วยตนเองลดความเสี่ยง,อย่าให้ลิงก์ในข้อความเป็นตัวตัดสินว่าคุณเข้าสู่ระบบที่ไหน,ลองคิดว่าคุณควรเป็นคนเลือกเว็บไซต์ที่จะเข้าเองหรือไม่,0,True,1
Q_SCAM_PERM_01,Q_SCAM_PERM_01,ScamAwareness,ScamDangerousPermissions,Basic,"แอปทำงานกลุ่มขอสิทธิ์อ่าน SMS, Contacts และไฟล์ทั้งหมดทั้งที่ไม่จำเป็น ควรคิดอย่างไร?",ยิ่งขอเยอะยิ่งปลอดภัย,เป็นสัญญาณให้ตรวจสอบว่าแอปต้องใช้สิทธิ์เหล่านั้นจริงหรือไม่,อนุญาตทั้งหมดเสมอ,สิทธิ์ไม่มีผลต่อความปลอดภัย,1,แอปควรขอสิทธิ์เท่าที่จำเป็นต่อหน้าที่ การขอข้อมูลเกินจำเป็นเพิ่มความเสี่ยง,ตรวจสอบความจำเป็นของ permission ก่อนอนุญาต,ดูว่าสิทธิ์ที่แอปขอสอดคล้องกับหน้าที่ของแอปหรือไม่,0,True,1
Q_SCAM_REC_01,Q_SCAM_REC_01,ScamAwareness,ScamRecovery,Basic,ถ้าโอนเงินให้ร้านปลอมไปแล้ว สิ่งใดควรทำเร็วที่สุด?,รอหลายวันเผื่อร้านกลับมา,ติดต่อธนาคาร/ช่องทางทางการ เก็บหลักฐาน และแจ้งเหตุโดยเร็ว,ลบแชตทั้งหมด,โพสต์ Password ให้คนช่วยตาม,1,เมื่อเกิดเหตุ การลดความเสียหายและเก็บหลักฐานอย่างรวดเร็วสำคัญกว่าการรอ,หลังถูกหลอกให้รีบติดต่อหน่วยงานที่เกี่ยวข้องและรักษาหลักฐาน,หลังเหตุเกิดแล้ว เป้าหมายคือจำกัดความเสียหายให้เร็วที่สุด,0,True,1
Q_SCAM_NET_01,Q_SCAM_NET_01,ScamAwareness,ScamUnsafeNetwork,Basic,หากต้องทำธุรกรรมการเงิน ข้อใดปลอดภัยกว่าบนเครือข่ายที่ไม่แน่ใจ?,ใช้ Wi-Fi สาธารณะที่ชื่อดูน่าเชื่อถือทันที,ใช้เครือข่ายที่เชื่อถือได้หรือ Mobile Data,ปิด MFA,ส่ง OTP ให้คนอื่นช่วย,1,ชื่อ Wi-Fi สามารถเลียนแบบได้ สำหรับธุรกรรมสำคัญควรใช้เครือข่ายที่เชื่อถือได้,เครือข่ายและอุปกรณ์ที่ใช้ทำธุรกรรมเป็นส่วนหนึ่งของความปลอดภัย,ชื่อเครือข่ายที่ดูคุ้นเคยไม่ได้แปลว่าเครือข่ายนั้นน่าเชื่อถือเสมอ,0,True,1
