---,QuestionTitle,Concept,bCountsAsScam,SituationRiskExplanation,WrongResultLabel,GoodResultLabel,BestResultLabel,WrongExplanation,WrongWarningSign,GoodExplanation,GoodWarningSign,BestExplanation,BestWarningSign,LearningPoint
Scam_01,📦 พัสดุที่กำลังรอ,ScamUrgency,True,เหตุการณ์นี้มีความเสี่ยง เพราะข้อความสร้างความเร่งด่วนและพาไปยังลิงก์ที่เลียนแบบบริษัทขนส่ง หากเป็นเว็บปลอม ผู้โจมตีอาจหลอกให้กรอกข้อมูลส่วนตัว ข้อมูลบัตร หรือรหัสบัญชี และนำข้อมูลเหล่านั้นไปใช้ต่อได้,ทางเลือกนี้มีความเสี่ยงสูง,เป็นทางเลือกที่พอใช้ แต่ยังมีความเสี่ยง,เลือกได้เหมาะสมที่สุด,การกดลิงก์ทันทีเพราะถูกเร่งเวลาเพิ่มความเสี่ยงที่จะเข้าสู่เว็บไซต์ปลอมหรือเปิดเผยข้อมูลสำคัญ,ข้อความเร่งให้ทำทันที ลิงก์ที่ส่งมากับ SMS และชื่อเว็บไซต์ที่คล้ายของจริง,การเข้าเว็บไซต์บริษัทขนส่งด้วยตัวเองช่วยลดความเสี่ยงได้มากกว่าการกดลิงก์จากข้อความ แต่ควรตรวจสอบว่าเป็นช่องทางทางการจริง,ข้อความอ้างว่าพัสดุมีปัญหาและพยายามเร่งให้ยืนยันข้อมูล,การไม่กดลิงก์และตรวจสอบผ่านช่องทางทางการของบริษัทขนส่งเป็นวิธีที่ปลอดภัยที่สุด,ความเร่งด่วน ลิงก์ไม่คุ้นเคย และการขอให้ยืนยันข้อมูลผ่านข้อความ,อย่าตัดสินใจเพราะความเร่งด่วน ให้เปิดเว็บไซต์หรือแอปทางการด้วยตัวเองเพื่อตรวจสอบก่อนเสมอ
Scam_02,👮‍♂️ ตำรวจทักมา!,ScamFakeAuthority,True,เหตุการณ์นี้มีความเสี่ยง เพราะผู้ส่งอ้างอำนาจของเจ้าหน้าที่เพื่อทำให้กลัวและรีบให้ข้อมูล หากบัญชีผู้ส่งเป็นของปลอม ข้อมูลส่วนตัวที่ส่งไปอาจถูกใช้สวมรอย เปิดบัญชี หรือหลอกให้โอนเงินในขั้นต่อไป,ทางเลือกนี้มีความเสี่ยงสูง,เป็นทางเลือกที่พอใช้ แต่ยังมีความเสี่ยง,เลือกได้เหมาะสมที่สุด,การส่งข้อมูลส่วนตัวให้บัญชีที่อ้างว่าเป็นเจ้าหน้าที่โดยยังไม่ยืนยันตัวตนอาจทำให้ข้อมูลถูกนำไปใช้หลอกลวงต่อ,อ้างอำนาจของตำรวจ สร้างความกลัวเรื่องคดี และขอข้อมูลส่วนตัวผ่าน Social Media,การขอชื่อและหน่วยงานเพื่อตรวจสอบเป็นจุดเริ่มต้นที่ดี แต่ควรติดต่อหน่วยงานนั้นผ่านช่องทางทางการด้วยตัวเอง,บัญชี Social Media อ้างเป็นเจ้าหน้าที่และกดดันด้วยเรื่องคดี,การไม่ส่งข้อมูลและติดต่อหน่วยงานผ่านช่องทางทางการเพื่อยืนยันเรื่องช่วยตัดช่องทางของมิจฉาชีพได้ดีที่สุด,ผู้ติดต่ออ้างเป็นเจ้าหน้าที่แต่ให้ยืนยันตัวตนผ่านช่องทางที่ผู้ติดต่อเป็นคนกำหนดเอง,อย่าเชื่อเพียงเพราะอีกฝ่ายอ้างตำแหน่งหรือหน่วยงาน ให้ติดต่อหน่วยงานจริงผ่านช่องทางทางการเพื่อยืนยัน
Scam_03,🔐 บัญชีมหาลัยของคุณถูกล็อก,ScamCredentialPhishing,True,เหตุการณ์นี้มีความเสี่ยง เพราะอีเมลพาให้ Login ผ่านลิงก์ภายใต้แรงกดดันเรื่องบัญชีถูกระงับ หากเป็นหน้า Phishing ผู้โจมตีจะได้ Username/Password และอาจเข้าถึงอีเมล ไฟล์ หรือบริการมหาวิทยาลัยที่เชื่อมกับบัญชีนั้น,ทางเลือกนี้มีความเสี่ยงสูง,เป็นทางเลือกที่พอใช้ แต่ยังมีความเสี่ยง,เลือกได้เหมาะสมที่สุด,การกรอก Username และ Password ผ่านลิงก์ในอีเมลที่ยังไม่ยืนยันอาจทำให้บัญชีถูกขโมย,อีเมลเร่งให้ Login ภายในเวลาจำกัด และพาไปยังหน้า Login ผ่านลิงก์,การถามเพื่อนช่วยสังเกตความผิดปกติได้บางส่วน แต่ยังไม่ใช่การยืนยันจากมหาวิทยาลัยโดยตรง,อีเมลที่สร้างแรงกดดันและขอให้ Login ผ่านลิงก์,การเข้าเว็บไซต์มหาวิทยาลัยด้วยตัวเองเพื่อตรวจสอบบัญชีและเปิด MFA ลดความเสี่ยงจากหน้า Login ปลอมได้ดีที่สุด,ลิงก์ Login จากอีเมลที่เร่งเวลา หรือหน้าที่ขอ Username/Password โดยไม่ยืนยันแหล่งที่มา,เมื่อต้อง Login ให้เปิดเว็บไซต์ทางการด้วยตัวเอง และใช้ MFA เพื่อเพิ่มชั้นป้องกันบัญชี
Scam_04,📱 แอปช่วยทำงานกลุ่ม,ScamDangerousPermissions,True,เหตุการณ์นี้มีความเสี่ยง เพราะแอปที่ไม่ยืนยันแหล่งที่มาขอสิทธิ์เกินความจำเป็น เช่น SMS รายชื่อ และไฟล์ หากเป็นแอปอันตราย สิทธิ์เหล่านี้อาจถูกใช้อ่านข้อความสำคัญ ขโมยไฟล์ หรือเข้าถึงข้อมูลของคนอื่นในรายชื่อได้,ทางเลือกนี้มีความเสี่ยงสูง,เป็นทางเลือกที่พอใช้ แต่ยังมีความเสี่ยง,เลือกได้เหมาะสมที่สุด,การติดตั้งแอปและอนุญาตทุกสิทธิ์โดยไม่ตรวจสอบทำให้แอปเข้าถึงข้อมูลเกินความจำเป็น,"แอปขอ Contacts, SMS และไฟล์ ทั้งที่หน้าที่ของแอปอาจไม่จำเป็นต้องใช้ข้อมูลเหล่านี้ทั้งหมด",การจำกัดสิทธิ์บางส่วนช่วยลดความเสี่ยง แต่ยังควรตรวจสอบก่อนว่าแอปจำเป็นและน่าเชื่อถือหรือไม่,สิทธิ์ที่แอปขอไม่สอดคล้องกับหน้าที่หลักของแอป,การไม่ติดตั้งแอปที่ไม่จำเป็นและตรวจสอบสิทธิ์ก่อนอนุญาตช่วยลดโอกาสที่ข้อมูลส่วนตัวจะถูกเข้าถึงโดยไม่จำเป็น,แอปไม่รู้แหล่งที่มา ขอสิทธิ์จำนวนมาก หรือขอข้อมูลที่ไม่เกี่ยวกับการใช้งาน,ติดตั้งเฉพาะแอปที่จำเป็นและน่าเชื่อถือ และอนุญาตเฉพาะสิทธิ์ที่สอดคล้องกับการใช้งานจริง
Scam_05,💸 งานพิเศษได้เงินง่าย,ScamGuaranteedReturn,True,เหตุการณ์นี้มีความเสี่ยงสูง เพราะงานให้ใช้บัญชีส่วนตัวรับเงินแล้วโอนต่อ ซึ่งเป็นรูปแบบที่อาจทำให้บัญชีของผู้รับงานถูกใช้เป็นบัญชีม้าหรือเป็นทางผ่านของเงินผิดกฎหมาย ผู้เล่นอาจถูกอายัดบัญชี สูญเสียเงิน และมีปัญหาทางกฎหมายแม้คิดว่าตนแค่รับจ้างโอนเงิน,ทางเลือกนี้มีความเสี่ยงสูง,เป็นทางเลือกที่พอใช้ แต่ยังมีความเสี่ยง,เลือกได้เหมาะสมที่สุด,การรับงานที่ให้ใช้บัญชีส่วนตัวรับและโอนเงินแทนผู้อื่นมีความเสี่ยงสูงและอาจทำให้บัญชีของคุณเกี่ยวข้องกับธุรกรรมที่มีปัญหา,รายได้สูงเกินปกติ งานง่ายผิดสังเกต และเงื่อนไขให้ใช้บัญชีส่วนตัวรับเงินแล้วโอนต่อ,การชวนเพื่อนมาทำด้วยกันไม่ได้ลดความเสี่ยงของงาน และอาจทำให้ผู้อื่นเข้าไปเกี่ยวข้องกับธุรกรรมเสี่ยงด้วย,งานยังคงให้ใช้บัญชีส่วนตัวเป็นทางผ่านของเงิน แม้จะทำร่วมกับคนรู้จัก,การปฏิเสธงานที่ให้ใช้บัญชีส่วนตัวรับและโอนเงินแทนผู้อื่น และหางานจากแหล่งที่น่าเชื่อถือเป็นทางเลือกที่ปลอดภัยที่สุด,ข้อเสนอรายได้ง่ายมาก พร้อมเงื่อนไขให้รับหรือโอนเงินแทนบุคคลอื่น,งานที่ดูได้เงินง่ายแต่ต้องใช้บัญชีของคุณเป็นทางผ่านของเงินเป็นสัญญาณอันตราย ควรหยุดและตรวจสอบก่อนเสมอ
Scam_06,📱 โอนเงินไปแล้ว เพิ่งรู้ว่าเป็นร้านปลอม,ScamRecovery,True,เหตุการณ์นี้อันตรายเพราะความเสียหายทางการเงินเกิดขึ้นแล้ว และยิ่งปล่อยเวลาผ่านไป โอกาสระงับหรือติดตามธุรกรรมอาจลดลง ขณะเดียวกันร้านปลอมอาจลบบัญชีหรือหลักฐาน ทำให้การติดตามเหตุยากขึ้น,ทางเลือกนี้มีความเสี่ยงสูง,เป็นทางเลือกที่พอใช้ แต่ยังมีความเสี่ยง,เลือกได้เหมาะสมที่สุด,การรอโดยไม่ดำเนินการทำให้เสียเวลาสำคัญในการติดตามหรือระงับธุรกรรมหลังเริ่มสงสัยว่าถูกหลอก,ร้านหาย ติดต่อไม่ได้ ลบโพสต์หลังรับเงิน และผู้ขายไม่มีช่องทางยืนยันตัวตน,การติดต่อธนาคารเพื่อแจ้งธุรกรรมผิดปกติช่วยเริ่มกระบวนการรับมือได้ แต่ควรเก็บหลักฐานและแจ้งเหตุผ่านช่องทางที่เกี่ยวข้องด้วย,มีการโอนเงินจริงแล้วและคู่กรณีขาดการติดต่อ จึงควรรีบเก็บข้อมูลให้ครบ,การติดต่อธนาคารทันที เก็บหลักฐาน และแจ้งเหตุผ่านช่องทางทางการช่วยรักษาหลักฐานและลดความเสียหายที่อาจเกิดเพิ่ม,ธุรกรรมเกิดขึ้นแล้ว ร้านหายหรือบล็อกการติดต่อ จึงต้องรีบดำเนินการและเก็บหลักฐาน,เมื่อพบว่าถูกหลอกหลังโอนเงิน ให้รีบติดต่อธนาคาร เก็บหลักฐาน และแจ้งเหตุผ่านช่องทางทางการ อย่ารอให้เวลาผ่านไป
Scam_07,🏦 OTP หลุดไปแล้ว,ScamRecovery,True,เหตุการณ์นี้มีความเสี่ยงสูง เพราะ OTP ใช้ยืนยันการเข้าสู่ระบบหรือธุรกรรมบางประเภท เมื่อรหัสตกถึงมือผู้อื่นและมีรายการที่คุณไม่ได้ทำ แสดงว่าบัญชีอาจกำลังถูกเข้าถึงและเงินส่วนที่เหลืออาจถูกทำรายการต่อได้,ทางเลือกนี้มีความเสี่ยงสูง,เป็นทางเลือกที่พอใช้ แต่ยังมีความเสี่ยง,เลือกได้เหมาะสมที่สุด,การลบ SMS ไม่ได้หยุดความเสี่ยงจาก OTP ที่ถูกเปิดเผย และยังทำให้หลักฐานสำคัญหายไป,มีธุรกรรมที่ไม่รู้จักเกิดขึ้นหลังเปิดเผย OTP แสดงว่าบัญชีอาจถูกนำไปใช้แล้ว,การเปลี่ยนรหัสผ่านช่วยลดความเสี่ยงบางส่วน แต่ยังไม่เพียงพอเมื่อมีธุรกรรมผิดปกติเกิดขึ้นแล้ว,OTP ถูกเปิดเผยและมีรายการที่ผู้ใช้ไม่ได้ทำ จึงต้องจัดการมากกว่าการเปลี่ยนรหัสผ่านอย่างเดียว,การติดต่อธนาคารทันทีเพื่อระงับช่องทางเสี่ยง ตรวจสอบธุรกรรม และเก็บ SMS เป็นหลักฐานเป็นการรับมือที่ครบที่สุด,มีธุรกรรมที่ไม่ได้ทำเองหลังเปิดเผย OTP ต้องรีบติดต่อธนาคารและเก็บหลักฐาน,หาก OTP หรือข้อมูลสำคัญหลุดและมีธุรกรรมผิดปกติ ให้รีบติดต่อธนาคาร ตรวจสอบรายการ และเก็บหลักฐานไว้
Scam_08,💻 กดลิงก์และกรอก Username/Password ไปแล้ว,ScamCredentialPhishing,True,เหตุการณ์นี้มีความเสี่ยง เพราะข้อมูล Login ถูกส่งให้หน้าเว็บที่อาจเป็นของผู้โจมตีแล้ว ผู้โจมตีสามารถลองเข้าบัญชีอีเมลหรือระบบมหาวิทยาลัย และอาจใช้บัญชีนั้นขอรีเซ็ตรหัสผ่านบริการอื่นหรือหลอกคนในรายชื่อต่อได้,ทางเลือกนี้มีความเสี่ยงสูง,เป็นทางเลือกที่พอใช้ แต่ยังมีความเสี่ยง,เลือกได้เหมาะสมที่สุด,การรอเปลี่ยน Password ทำให้ผู้ที่ได้ข้อมูลบัญชียังมีเวลานำ Username และ Password ไปใช้ต่อ,กรอกข้อมูลบัญชีลงในหน้าเว็บปลอมแล้ว แต่ยังไม่แก้ไขข้อมูลเข้าสู่ระบบทันที,การเปลี่ยน Password ทันทีช่วยหยุดการใช้รหัสเดิมได้ แต่ยังควรเพิ่มการป้องกันและแจ้งผู้ดูแลระบบหากเป็นบัญชีองค์กร,บัญชีถูกกรอกลงหน้าเว็บปลอม จึงควรตรวจสอบว่ามีการเข้าถึงหรือเปลี่ยนแปลงอื่นหรือไม่,การเปลี่ยน Password ทันที เปิด MFA และแจ้งผู้ดูแลระบบช่วยทั้งหยุดรหัสเดิม เพิ่มการป้องกัน และตรวจสอบผลกระทบต่อบัญชี,Credentials ถูกกรอกลงเว็บไซต์ปลอมแล้ว จึงต้องรีบเปลี่ยนข้อมูลและตรวจสอบบัญชี,เมื่อเผลอกรอก Username/Password ในเว็บปลอม ให้เปลี่ยนรหัสทันที เปิด MFA และแจ้งผู้ดูแลระบบเมื่อเกี่ยวข้องกับบัญชีองค์กร
Scam_09,🏦 เงินถูกโอนไปแล้ว แต่บัญชียังมีเงินเหลือ,ScamRecovery,True,เหตุการณ์นี้มีความเสี่ยง เพราะเมื่อเกิดการหลอกโอนและยังไม่ทราบว่าผู้โจมตีได้ข้อมูลบัญชีไปมากแค่ไหน เงินที่เหลือและช่องทางการเข้าถึงบัญชียังอาจอยู่ในความเสี่ยง การดำเนินการเองโดยไม่ตรวจสอบอาจทำให้ติดตามธุรกรรมหรือจัดการบัญชียากขึ้น,ทางเลือกนี้มีความเสี่ยงสูง,เป็นทางเลือกที่พอใช้ แต่ยังมีความเสี่ยง,เลือกได้เหมาะสมที่สุด,การรีบย้ายเงินทั้งหมดไปบัญชีเพื่อนโดยไม่ปรึกษาธนาคารอาจสร้างธุรกรรมเพิ่มและไม่ได้แก้สาเหตุของความเสี่ยงในบัญชี,สงสัยว่าข้อมูลบัญชีอาจถูกเปิดเผยและมีความเสียหายเกิดขึ้นแล้ว แต่เลือกเคลื่อนย้ายเงินเองโดยยังไม่ตรวจสอบ,การติดต่อแจ้งตำรวจช่วยให้คำแนะนำด้านเหตุการณ์ได้ แต่เรื่องความปลอดภัยของบัญชีควรติดต่อธนาคารโดยตรงด้วย,บัญชียังอาจมีความเสี่ยงด้านการเข้าถึงหรือธุรกรรม จึงต้องให้ผู้ให้บริการบัญชีตรวจสอบ,การติดต่อธนาคารผ่านช่องทางทางการทันทีและทำตามขั้นตอนที่ธนาคารแนะนำช่วยจัดการความเสี่ยงของบัญชีได้ตรงจุดที่สุด,มีเงินถูกโอนไปแล้วและสงสัยว่าข้อมูลบัญชีอาจรั่ว จึงควรรีบติดต่อธนาคารผ่านช่องทางทางการ,หลังเกิดความเสียหาย อย่าแก้ปัญหาด้วยการย้ายเงินแบบเร่งด่วนเอง ให้ติดต่อธนาคารและทำตามขั้นตอนการรักษาความปลอดภัยของบัญชี
Scam_10,🎮 Wi-Fi มหาลัย,ScamUnsafeNetwork,True,เหตุการณ์นี้มีความเสี่ยงเพราะชื่อ Wi-Fi เพียงอย่างเดียวยืนยันไม่ได้ว่าเป็นเครือข่ายของมหาวิทยาลัยจริง ผู้ไม่หวังดีสามารถตั้งชื่อเครือข่ายเลียนแบบเพื่อหลอกให้เชื่อมต่อ แล้วพาไปหน้า Login ปลอมหรือพยายามดักข้อมูลจากการใช้งาน,ทางเลือกนี้มีความเสี่ยงสูง,เป็นทางเลือกที่พอใช้ แต่ยังมีความเสี่ยง,เลือกได้เหมาะสมที่สุด,ชื่อ Wi-Fi ที่ดูเหมือนของมหาวิทยาลัยไม่ได้ยืนยันว่าเป็นเครือข่ายจริง การเชื่อมต่อทันทีอาจทำให้ใช้เครือข่ายที่ไม่น่าเชื่อถือ,ชื่อเครือข่ายเลียนแบบสถานที่จริง และผู้ใช้ไม่แน่ใจว่าเป็น Wi-Fi ทางการหรือไม่,การถามเพื่อนช่วยให้มีข้อมูลเพิ่มขึ้น แต่เพื่อนอาจไม่ทราบว่าเครือข่ายนั้นเป็นของมหาวิทยาลัยจริงหรือไม่,เครือข่ายมีชื่อดูน่าเชื่อถือแต่ยังไม่ได้ตรวจสอบกับแหล่งทางการ,การตรวจสอบชื่อเครือข่ายกับประกาศหรือเจ้าหน้าที่ของมหาวิทยาลัยก่อนเชื่อมต่อช่วยยืนยันแหล่งที่มาได้ดีที่สุด,Wi-Fi ชื่อคล้ายขององค์กรแต่ไม่มีการยืนยันจากประกาศหรือเจ้าหน้าที่,อย่าเชื่อ Wi-Fi จากชื่อเพียงอย่างเดียว ตรวจสอบชื่อเครือข่ายกับแหล่งทางการก่อนเชื่อมต่อ
Scam_11,🎮 Wi-Fi ร้านกาแฟ,ScamUnsafeNetwork,True,เหตุการณ์นี้มีความเสี่ยงเมื่อทำธุรกรรมสำคัญบนเครือข่ายที่ไม่สามารถยืนยันความน่าเชื่อถือได้ โดยเฉพาะเครือข่ายปลอมที่ตั้งชื่อคล้ายร้าน ผู้โจมตีอาจพาไปหน้าเว็บปลอมหรือพยายามสังเกตการรับส่งข้อมูล จึงควรใช้ Mobile Data หรือเครือข่ายที่เชื่อถือได้สำหรับ Mobile Banking,ทางเลือกนี้มีความเสี่ยงสูง,เป็นทางเลือกที่พอใช้ แต่ยังมีความเสี่ยง,เลือกได้เหมาะสมที่สุด,การทำธุรกรรมการเงินผ่าน Free Wi-Fi ที่ไม่แน่ใจเรื่องความปลอดภัยเพิ่มความเสี่ยงต่อข้อมูลสำคัญ,เครือข่ายสาธารณะและกำลังจะทำธุรกรรมที่เกี่ยวข้องกับข้อมูลการเงิน,การรอจนกลับถึงหอช่วยหลีกเลี่ยงการทำธุรกรรมผ่าน Wi-Fi ร้านกาแฟ แต่ยังควรเลือกเครือข่ายที่เชื่อถือได้เมื่อทำรายการ,การทำธุรกรรมสำคัญควรใช้เครือข่ายที่ควบคุมหรือเชื่อถือได้,การใช้ Mobile Data หรือเครือข่ายที่เชื่อถือได้ในการทำธุรกรรมช่วยลดการพึ่งพาเครือข่ายสาธารณะที่ไม่แน่ใจ,Free Wi-Fi สาธารณะไม่เหมาะกับการทำธุรกรรมหรือส่งข้อมูลสำคัญเมื่อไม่ทราบความปลอดภัยของเครือข่าย,เมื่อต้องทำธุรกรรมหรือส่งข้อมูลสำคัญ ให้เลือก Mobile Data หรือเครือข่ายที่เชื่อถือได้แทน Free Wi-Fi สาธารณะ
Opportunity_01,🎓 ทุนการศึกษาจากมหาวิทยาลัย,General,False,เหตุการณ์นี้ไม่อันตรายโดยตัวมันเอง เพราะทุนการศึกษาของมหาวิทยาลัยเป็นโอกาสที่มีอยู่จริง ความเสี่ยงเกิดขึ้นเมื่อเชื่อประกาศที่ส่งต่อกันโดยไม่ตรวจสอบ เพราะอาจมีคนทำลิงก์ปลอมเลียนแบบระบบทุนเพื่อขอข้อมูลส่วนตัว ดังนั้นควรเข้าเว็บไซต์ทางการด้วยตนเองก่อนสมัคร,พลาดโอกาสนี้ไป,ตรวจสอบได้ดี,รับโอกาสได้อย่างเหมาะสม,ประกาศทุนนี้เป็นโอกาสจริงจากมหาวิทยาลัย การปิดทิ้งทันทีโดยไม่ตรวจสอบทำให้พลาดโอกาสที่อาจช่วยลดภาระค่าใช้จ่ายได้,✅ เหตุการณ์นี้ไม่อันตรายเมื่อข้อมูลตรงกับระบบทุนของมหาวิทยาลัย แต่ไม่ควรเชื่อโพสต์ที่แชร์ต่อกันเพียงอย่างเดียว,การถามเพื่อนหรือรุ่นพี่ช่วยเพิ่มความมั่นใจได้ แต่ข้อมูลเรื่องคุณสมบัติและช่วงสมัครควรยืนยันกับระบบทุนของมหาวิทยาลัยโดยตรง,✅ มีโอกาสเป็นประกาศจริง แต่ควรยืนยันจากเว็บไซต์ทางการก่อนส่งเอกสารหรือข้อมูลส่วนตัว,การเข้าเว็บไซต์ทุนของมหาวิทยาลัยด้วยตัวเอง ตรวจสอบคุณสมบัติและสมัครผ่านระบบทางการ ช่วยให้รับโอกาสได้โดยไม่ต้องเสี่ยงกับลิงก์ที่ไม่รู้ที่มา,✅ ปลอดภัยเมื่อใช้ระบบ scholarship.kmitl.ac.th หรือช่องทางมหาวิทยาลัยที่ยืนยันได้,ของดีและโอกาสจริงก็มีอยู่ อย่าปฏิเสธทุกอย่างเพราะกลัวถูกหลอก ให้ตรวจสอบแหล่งที่มาทางการก่อนตัดสินใจ
Opportunity_02,📘 คอร์สการเงินฟรีจาก SET,General,False,เหตุการณ์นี้ไม่อันตรายโดยตัวมันเอง เพราะ SET มีบริการ e-Learning และหลักสูตรความรู้ทางการเงินจริง สิ่งที่ต้องระวังคือโพสต์หรือลิงก์เลียนแบบที่อาจพาไปเว็บปลอม ขอชำระเงินที่ไม่เกี่ยวข้อง หรือขอข้อมูลเกินความจำเป็น จึงควรเข้าแพลตฟอร์มของ SET ผ่านช่องทางทางการ,พลาดโอกาสเรียนรู้,ตรวจสอบได้ดี,ได้โอกาสเพิ่มความรู้,SET มีหลักสูตร e-Learning ด้านการเงินที่เปิดให้เรียนฟรีจริง การมองว่าของฟรีทุกอย่างเป็นของปลอมโดยไม่ตรวจสอบทำให้พลาดแหล่งเรียนรู้ที่น่าเชื่อถือ,✅ เหตุการณ์นี้ไม่อันตรายหากเข้าผ่านเว็บไซต์ SET e-Learning ทางการ ไม่ควรตัดสินจากคำว่า “ฟรี” เพียงอย่างเดียว,การค้นหาชื่อหลักสูตรแล้วเลือกผลลัพธ์จากโดเมนของ SET เป็นวิธีตรวจสอบที่ดี และช่วยหลีกเลี่ยงลิงก์ที่ถูกส่งต่อโดยไม่ทราบที่มา,✅ ปลอดภัยเมื่อโดเมนและหน้าเรียนเป็นของ SET จริง ควรตรวจ URL ก่อนกรอกข้อมูลสมัครเรียน,การเข้า SET e-Learning ผ่านเว็บไซต์ทางการโดยตรงและตรวจว่าหลักสูตรระบุค่าธรรมเนียมฟรี เป็นวิธีรับโอกาสเรียนรู้ได้อย่างมั่นใจ,✅ เป็นโอกาสเรียนรู้จริงและไม่อันตรายเมื่อใช้ช่องทางทางการของ SET,ไม่ใช่ทุกข้อเสนอฟรีจะเป็นมิจฉาชีพ แหล่งเรียนรู้ทางการมีคอร์สฟรีจริง สิ่งสำคัญคือการตรวจสอบโดเมนและผู้ให้บริการ
Opportunity_03,🧾 SET e-Learning นับชั่วโมง กยศ.,General,False,เหตุการณ์นี้ไม่ใช่ภัยโดยตัวมันเอง แต่ข้อมูลเรื่องการนับชั่วโมงมีเงื่อนไขและอาจเปลี่ยนตามประกาศ หากเชื่อข้อความในกลุ่มโดยไม่ตรวจสอบ อาจเรียนหลักสูตรที่ไม่นับชั่วโมงหรือทำไม่ครบเงื่อนไข จึงควรตรวจประกาศ กยศ. และเงื่อนไขของหลักสูตรก่อน,พลาดสิทธิประโยชน์,ตรวจสอบได้ดี,ใช้สิทธิ์ได้ถูกช่องทาง,กยศ. มีข้อมูลทางการว่าหลักสูตร SET e-Learning บางหลักสูตรสามารถนำไปนับเป็นชั่วโมงกิจกรรมจิตสาธารณะได้จริง การไม่ตรวจสอบอาจทำให้พลาดวิธีสะสมชั่วโมงที่ถูกต้อง,✅ ข่าวนี้มีมูลจริง แต่ต้องตรวจสอบรายชื่อหลักสูตรและเงื่อนไขจากเว็บไซต์ กยศ. เพราะไม่ใช่ทุกคอร์สหรือทุกใบรับรองจะใช้ได้,การสอบถามหน่วยงาน กยศ. ของสถานศึกษาช่วยยืนยันข้อมูลได้ แต่ควรตรวจประกาศทางการเพื่อดูหลักสูตรและเงื่อนไขล่าสุดด้วย,✅ ปลอดภัยเมื่อข้อมูลตรงกับประกาศของ กยศ. ระวังผู้ที่เรียกเก็บเงินเพื่อออกใบรับรองกิจกรรม,การตรวจข้อมูลบนเว็บไซต์ กยศ. แล้วเข้าเรียนผ่าน SET e-Learning ตามรายการที่กำหนด เป็นวิธีใช้สิทธิ์ได้ตรงเงื่อนไขและไม่ต้องพึ่งผู้รับทำเอกสาร,✅ เป็นสิทธิประโยชน์จริงเมื่อทำผ่านช่องทางทางการ และ กยศ. ระบุว่าไม่มีนโยบายเรียกเก็บเงินเพื่อทำกิจกรรมจิตสาธารณะ,สิทธิประโยชน์จริงอาจดูคล้ายข้อความหลอกได้ ให้ตรวจประกาศของหน่วยงานเจ้าของสิทธิ์โดยตรง และอย่าจ่ายเงินให้คนกลางที่อ้างว่าจะทำใบรับรองให้
Opportunity_04,🛡️ คอร์ส Digital Citizen ฟรีจาก ETDA,General,False,เหตุการณ์นี้ไม่อันตรายโดยตัวมันเอง เพราะ ETDA มีหลักสูตรความรู้ดิจิทัลจริง ความเสี่ยงคือผู้ไม่หวังดีอาจนำชื่อหน่วยงานไปสร้างโพสต์หรือลิงก์ปลอมเพื่อขอข้อมูล จึงควรค้นหลักสูตรจากเว็บไซต์หรือช่องทางทางการของ ETDA และลงทะเบียนตามช่องทางที่ระบุ,พลาดโอกาสเรียนรู้,ตรวจสอบได้ดี,ได้โอกาสเพิ่มทักษะดิจิทัล,ETDA มีหลักสูตร Digital Citizen และ EDC Plus ที่เปิดให้เรียนฟรีจริง การปิดทิ้งทันทีเพราะคิดว่าคอร์สออนไลน์ฟรีไม่น่าเชื่อถือทำให้พลาดแหล่งความรู้จากหน่วยงานทางการ,✅ เหตุการณ์นี้ไม่อันตรายเมื่อเข้าจากเว็บไซต์ ETDA ทางการ แต่ยังควรตรวจ URL ทุกครั้งก่อนสมัคร,การค้นชื่อหลักสูตรจากเว็บไซต์ ETDA ช่วยยืนยันว่าหลักสูตรมีอยู่จริงและลดความเสี่ยงจากลิงก์เลียนแบบ,✅ ปลอดภัยเมื่อหน้าแนะนำหลักสูตรอยู่บนโดเมน etda.or.th และพาไปยังระบบเรียนที่หน่วยงานระบุ,การตรวจสอบรายละเอียดจาก ETDA โดยตรงแล้วลงทะเบียนผ่านช่องทางที่หน่วยงานระบุ เป็นวิธีรับความรู้และวุฒิบัตรโดยไม่เสียค่าใช้จ่าย,✅ เป็นโอกาสเรียนรู้จริง ไม่ใช่เหตุการณ์อันตราย เมื่อใช้ช่องทางที่ ETDA ระบุอย่างเป็นทางการ,การรู้เท่าทันดิจิทัลไม่ใช่แค่หลีกเลี่ยงอันตราย แต่รวมถึงการรู้จักใช้แหล่งเรียนรู้ทางการเพื่อเพิ่มทักษะของตัวเอง
Opportunity_05,🏆 ทีมของคุณผ่านรอบ KBS Hackathon,General,False,เหตุการณ์นี้ไม่อันตรายโดยตัวมันเอง เพราะการแข่งขันและการประกาศผลจากผู้จัดเป็นเรื่องที่เกิดขึ้นได้จริง แต่ข้อความแจ้งรางวัลสามารถถูกปลอมได้ หากรีบส่งข้อมูลการเงิน จ่ายค่าธรรมเนียม หรือเปิดเผยข้อมูลสำคัญก่อนยืนยัน อาจถูกหลอกได้ จึงควรตรวจประกาศและติดต่อผู้จัดผ่านช่องทางทางการก่อนรับสิทธิ์,พลาดรางวัลที่มีอยู่จริง,ตรวจสอบได้ดี,ยืนยันรางวัลได้อย่างปลอดภัย,KBS Hackathon 2026 เป็นกิจกรรมจริงของ KMITL Business School และมีเงินสนับสนุนสำหรับทีมที่ผ่านเกณฑ์ การมองข้อความทุกอย่างว่าเป็นมิจฉาชีพโดยไม่ตรวจสอบอาจทำให้พลาดรางวัลจริง,✅ เหตุการณ์นี้ไม่อันตรายหากชื่อทีมและผลการแข่งขันตรวจสอบได้จากช่องทาง KBS KMITL ทางการ,การถามเพื่อนร่วมทีมหรืออาจารย์ที่ปรึกษาช่วยยืนยันเบื้องต้นได้ แต่ควรตรวจผลและเงื่อนไขรับรางวัลจากผู้จัดโดยตรง,✅ มีโอกาสเป็นข่าวดีจริง แต่หากมีการขอรหัสผ่าน OTP หรือให้โอนค่าธรรมเนียมก่อนรับรางวัล ให้หยุดและตรวจสอบทันที,การตรวจประกาศจาก KBS KMITL และติดต่อผู้จัดผ่านช่องทางทางการก่อนยืนยันสิทธิ์ ช่วยให้รับรางวัลจริงโดยไม่ต้องเสี่ยงกับผู้แอบอ้าง,✅ เป็นรางวัลจากกิจกรรมจริงเมื่อยืนยันได้จากผู้จัดทางการ และการรับรางวัลไม่ควรต้องเปิดเผยรหัสลับหรือ OTP,การได้รับรางวัลจริงมีได้ สิ่งที่ควรทำไม่ใช่เชื่อทันทีหรือปฏิเสธทันที แต่ตรวจสอบว่าคุณเคยเข้าร่วมกิจกรรมนั้นและยืนยันกับผู้จัดผ่านช่องทางทางการ
