---,Question_Title,Question_Detail,Question_Image,Wrong_Text,Wrong_Money,Wrong_Happiness,Wrong_Knowledge,Good_Text,Good_Money,Good_Happiness,Good_Knowledge,Best_Text,Best_Money,Best_Happiness,Best_Knowledge
1,📦 พัสดุที่กำลังรอ,"หลังจากสั่งหนังสือเรียนออนไลน์ คุณได้รับ SMS แจ้งว่า
""พัสดุของคุณไม่สามารถจัดส่งได้ กรุณายืนยันข้อมูลผ่านลิงก์ด้านล่างภายใน 30 นาที""
พร้อมลิงก์ที่ดูคล้ายเว็บไซต์บริษัทขนส่ง",,กดลิงก์ทันที เพราะกลัวพัสดุถูกตีกลับ,-500,-10,0,เปิดเว็บไซต์บริษัทขนส่งด้วยตัวเอง แล้วตรวจสอบเลขพัสดุ,0,5,5,ไม่กดลิงก์ และตรวจสอบสถานะผ่านช่องทาง Official ของบริษัทขนส่ง,0,10,10
2,👮‍♂️ ตำรวจทักมา!,"ระหว่างที่กำลังอ่านหนังสืออยู่ คุณได้รับข้อความผ่าน Social Media จากบัญชีที่อ้างว่าเป็นเจ้าหน้าที่ตำรวจ แจ้งว่าบัญชีของคุณเกี่ยวข้องกับคดี และขอให้ส่งข้อมูลส่วนตัวเพื่อ ""ยืนยันตัวตน""",,ส่งข้อมูลให้เจ้าหน้าที่ทันที เพราะกลัวมีความผิด,-500,-15,0,ขอชื่อหน่วยงานและตรวจสอบตัวตนก่อน,0,5,5,ไม่ส่งข้อมูล และติดต่อหน่วยงานผ่านช่องทางทางการเพื่อยืนยันเรื่อง,0,10,10
3,🔐 บัญชีมหาลัยของคุณถูกล็อก,คุณได้รับ Email แจ้งว่า Password ของบัญชีมหาวิทยาลัยหมดอายุ และต้อง Login ผ่านลิงก์ใน Email ภายในวันนี้ ไม่เช่นนั้นบัญชีจะถูกระงับ,,กดลิงก์แล้ว Login ด้วย Username และ Password ของมหาวิทยาลัย,0,-30,0,สอบถามเพื่อนว่าได้รับ Email เหมือนกันรึเปล่า,0,5,5,ไม่กดลิงก์ และเข้าเว็บไซต์มหาวิทยาลัยด้วยตนเองเพื่อตรวจสอบบัญชี พร้อมเปิด MFA,0,10,15
4,📱 แอปช่วยทำงานกลุ่ม,"เพื่อนในกลุ่มส่ง Link ให้ดาวน์โหลดแอปที่บอกว่าใช้ช่วยจัดการงานกลุ่มได้ง่ายขึ้น แต่แอปขอสิทธิ์เข้าถึง Contacts, SMS และไฟล์ในโทรศัพท์",,กดติดตั้งและอนุญาตทุกอย่างเพื่อให้งานเสร็จเร็ว,0,-20,-10,กดติดตั้งแต่ไม่อนุญาตให้แอปเข้าถึงข้อมูลบางส่วน,0,0,0,ไม่ติดตั้งหากไม่จำเป็น และตรวจสอบ/จำกัดสิทธิ์ที่แอปได้รับ,0,15,10
5,💸 งานพิเศษได้เงินง่าย,"ระหว่างที่คุณกำลังหาเงินค่ากินอยู่ในมหาวิทยาลัย คุณเห็นประกาศงานพิเศษในกลุ่มนักศึกษา
""รับนักศึกษาทำงานออนไลน์ รายได้ 1,000 บาท/วัน ไม่ต้องมีประสบการณ์""
หลังจากติดต่อไป ผู้ว่าจ้างบอกว่า งานของคุณคือรับเงินเข้าบัญชีตัวเอง แล้วโอนต่อไปยังบัญชีที่บริษัทกำหนด โดยจะให้ค่าตอบแทนทุกครั้งที่ทำรายการ",,ตกลงทันที ,-500,-15,0,ชักชวนเพื่อนมาทำด้วยกันดีกว่า จะได้มีเพื่อน,0,-10,0,ปฏิเสธงานที่ให้ใช้บัญชีส่วนตัวรับและโอนเงินแทนผู้อื่น และหางานผ่านแหล่งที่น่าเชื่อถือ,0,10,15
6,📱 โอนเงินไปแล้ว เพิ่งรู้ว่าเป็นร้านปลอม,"คุณสั่งรองเท้าจากร้านใน Instagram และโอนเงินไปแล้ว 2,500 บาท หลังจากนั้นร้านลบโพสต์และติดต่อไม่ได้ คุณเริ่มสงสัยว่าอาจถูกหลอก",,รอดูอีก 1–2 วัน เผื่อร้านกลับมาติดต่อ,-2500,-10,0,ติดต่อธนาคารเพื่อแจ้งธุรกรรมที่ผิดปกติ,-2500,5,15,ติดต่อธนาคารทันทีเพื่อขอระงับ/ตรวจสอบธุรกรรม เก็บหลักฐานการโอนและแชต แล้วแจ้งเหตุผ่าน AOC 1441/ช่องทางตำรวจ,-2500,5,30
7,🏦 OTP หลุดไปแล้ว,คุณเผลอบอกรหัส OTP ให้คนที่อ้างว่าเป็นเจ้าหน้าที่ธนาคาร และหลังจากนั้นมี SMS แจ้งว่ามีการทำธุรกรรมที่คุณไม่ได้ทำ,,ลบ SMS ทิ้ง เพื่อป้องกันข้อมูลจะรั่ว,-2000,-10,0,เปลี่ยนรหัสผ่าน Mobile Banking,-2000,-10,0,ติดต่อธนาคารทันทีเพื่อระงับช่องทาง/ธุรกรรมที่เสี่ยง ตรวจสอบรายการทั้งหมด และเก็บ SMS/หลักฐานไว้แจ้งเหตุ,-2000,10,30
8,💻 กดลิงก์และกรอก Username/Password ไปแล้ว,คุณได้รับ Email ที่อ้างว่าเป็นระบบมหาวิทยาลัยและเผลอกรอก Username กับ Password ลงในหน้าเว็บปลอม,,เปลี่ยน Password สัปดาห์หน้า เพราะตอนนี้กำลังสอบ,-500,0,10,เปลี่ยน Password ทันที,0,10,0,เปลี่ยน Password ทันที พร้อมเปิด MFA และแจ้งผู้ดูแลระบบมหาวิทยาลัย,0,10,20
9,🏦 เงินถูกโอนไปแล้ว แต่บัญชียังมีเงินเหลือ,"คุณถูกหลอกให้โอนเงิน 5,000 บาท และสงสัยว่ามิจฉาชีพอาจมีข้อมูลบัญชีของคุณ",,โอนเงินทั้งหมดไปบัญชีเพื่อนเพื่อป้องกันไว้ก่อน,-2000,10,0,ติดต่อแจ้งตำรวจเพื่อสอบถามว่าควรดำเนินการอย่างไร,0,10,10,ติดต่อธนาคารผ่านช่องทางทางการทันที ให้ธนาคารตรวจสอบความเสี่ยงของบัญชี และทำตามขั้นตอนที่ธนาคารแนะนำ,0,10,20
10,🎮 Wi-Fi มหาลัย,วันนี้คุณมีสอบและต้องรีบดาวน์โหลดเอกสารจากระบบมหาวิทยาลัย คุณเห็น Wi-Fi ชื่อ “University_Free_WiFi” แต่ไม่แน่ใจว่าเป็นเครือข่ายของมหาวิทยาลัยจริงหรือไม่,,เชื่อมต่อทันที เพราะชื่อเหมือน Wi-Fi ของมหาวิทยาลัย เชื่อถือได้,0,5,0,ถามเพื่อนว่าเคยใช้ Wi-Fi นี้หรือไม่,0,0,5,ตรวจสอบชื่อเครือข่ายกับประกาศ/เจ้าหน้าที่ของมหาวิทยาลัยก่อนเชื่อมต่อ,0,5,10
11,🎮 Wi-Fi ร้านกาแฟ,คุณกำลังนั่งทำงานที่ร้านกาแฟและเชื่อมต่อ Free Wi-Fi จากร้าน ระหว่างนั้นคุณนึกขึ้นได้ว่าต้องจ่ายค่าเทอมผ่าน Mobile Banking,,เปิด Mobile Banking และทำรายการทันทีผ่าน Wi-Fi ร้านกาแฟ,0,0,-10,รอจนกลับถึงหอแล้วค่อยทำรายการ,0,0,0,ใช้ Mobile Data หรือเครือข่ายที่เชื่อถือได้ในการทำธุรกรรม,0,5,10
12,🎓 ทุนการศึกษาจากมหาวิทยาลัย,ในกลุ่มนักศึกษามีการแชร์ประกาศว่า KMITL เปิดรับทุนการศึกษาสำหรับนักศึกษาที่มีคุณสมบัติตามเกณฑ์ พร้อมลิงก์ไปยังระบบทุนของมหาวิทยาลัย คุณสนใจเพราะกำลังวางแผนค่าใช้จ่ายในเทอมนี้,,คิดว่าเรื่องทุนออนไลน์น่าจะหลอก แล้วปิดทิ้งโดยไม่ตรวจสอบ,0,-3,0,ถามเพื่อนหรือรุ่นพี่ก่อนว่ามีทุนนี้จริงหรือไม่,0,2,0,เข้าเว็บไซต์ทุน KMITL ด้วยตัวเอง ตรวจสอบช่วงรับสมัครและคุณสมบัติ แล้วสมัครผ่านระบบทางการ,1500,10,5
13,📘 คอร์สการเงินฟรีจาก SET,เพื่อนส่งข้อความมาบอกว่า SET มีคอร์ส Digital Financial Literacy ให้เรียนฟรี พร้อมวุฒิบัตร คุณไม่แน่ใจว่าของฟรีแบบนี้เชื่อถือได้จริงหรือไม่,,ไม่สนใจ เพราะคิดว่าคอร์สการเงินฟรีน่าจะเป็นของปลอม,0,-2,0,ค้นชื่อหลักสูตรเองและเลือกเข้าเฉพาะเว็บไซต์ของ SET,0,3,8,เข้า SET e-Learning ผ่านเว็บไซต์ทางการ ตรวจสอบว่าหลักสูตรระบุว่าเรียนฟรี แล้วลงทะเบียนเรียน,0,5,15
14,🧾 SET e-Learning นับชั่วโมง กยศ.,มีคนในกลุ่มนักศึกษาบอกว่า ผู้กู้ กยศ. สามารถเรียน SET e-Learning บางหลักสูตรเพื่อนำไปนับเป็นชั่วโมงกิจกรรมจิตสาธารณะได้ คุณไม่แน่ใจว่าข้อมูลนี้จริงหรือไม่,,ไม่สนใจ เพราะคิดว่าการเรียนออนไลน์ไม่น่าจะนับเป็นชั่วโมงกิจกรรมได้,0,-3,0,สอบถามหน่วยงาน กยศ. ของสถานศึกษาว่าข้อมูลนี้จริงหรือไม่,0,3,5,ตรวจประกาศบนเว็บไซต์ กยศ. แล้วเข้าเรียนผ่าน SET e-Learning ตามหลักสูตรและเงื่อนไขที่กำหนด,0,8,15
15,🛡️ คอร์ส Digital Citizen ฟรีจาก ETDA,คุณเห็นโพสต์แชร์ว่ามีหลักสูตร EDC Plus ของ ETDA ให้เรียนออนไลน์ฟรีและรับวุฒิบัตรได้ คุณสนใจเรื่องความปลอดภัยดิจิทัล แต่ยังไม่แน่ใจว่าโพสต์นี้จริงหรือไม่,,ปิดโพสต์ทันที เพราะคิดว่าคอร์สออนไลน์ฟรีไม่น่าเชื่อถือ,0,-2,0,ค้นชื่อหลักสูตรจากเว็บไซต์ ETDA เพื่อดูว่ามีหลักสูตรจริงหรือไม่,0,3,8,ตรวจรายละเอียดจากเว็บไซต์ ETDA โดยตรง แล้วลงทะเบียนผ่านช่องทางเรียนที่ ETDA ระบุ,0,5,15
16,🏆 ทีมของคุณผ่านรอบ KBS Hackathon,ก่อนหน้านี้คุณและเพื่อนส่งทีมสมัคร KBS Hackathon 2026 ต่อมามีข้อความแจ้งว่าทีมของคุณผ่านรอบที่ได้รับเงินสนับสนุน และให้ยืนยันสิทธิ์กับผู้จัด คุณดีใจแต่ก็ยังอยากตรวจสอบให้แน่ใจ,,คิดว่าเป็นข้อความหลอกและปล่อยผ่านโดยไม่ตรวจสอบผลการแข่งขัน,0,-5,0,ถามเพื่อนร่วมทีมและอาจารย์ที่ปรึกษาว่าได้รับข้อมูลตรงกันหรือไม่,0,3,3,ตรวจประกาศจาก KBS KMITL และติดต่อผู้จัดผ่านช่องทางทางการเพื่อยืนยันผลและขั้นตอนรับรางวัล,1000,15,10
